{
  "__version__": "1.2.8",
  "common": {
    "outputName": "ios",
    "mainBundleCompressionType": "merge_dep",
    "platform": "ios",
    "scenes": [
      {
        "url": "db://assets/bundle/scene/bundle.scene",
        "uuid": "084ba39d-56c7-4175-834e-e1d7f3935c66",
        "inBundle": true
      }
    ],
    "debug": true,
    "mainBundleIsRemote": true,
    "replaceSplashScreen": true
  },
  "BuildTaskManager": {
    "taskMap": {
      "1634028949298": {
        "id": "1634028949298",
        "progress": 1,
        "state": "success",
        "message": "10-12-2021 15:56 Build success in 19816 ms!",
        "options": {
          "packages": {
            "ios": {
              "packageName": "com.cocos.NewProjectv3",
              "orientation": {
                "landscapeRight": false,
                "landscapeLeft": false,
                "portrait": true
              },
              "renderBackEnd": {
                "metal": true,
                "gles3": false
              }
            },
            "native": {
              "polyfills": {
                "asyncFunctions": true
              },
              "encrypted": false,
              "xxteaKey": "f3Tny5SOxI5K060z",
              "compressZip": false,
              "makeAfterBuild": false
            },
            "cocos-service": {
              "configID": "539cc7",
              "services": []
            },
            "mep_instant": {}
          },
          "name": "NewProjectv3",
          "platform": "ios",
          "buildPath": "project://build",
          "debug": true,
          "md5Cache": false,
          "sourceMaps": false,
          "replaceSplashScreen": true,
          "mainBundleCompressionType": "merge_dep",
          "mainBundleIsRemote": true,
          "mergeStartScene": false,
          "experimentalEraseModules": false,
          "compressTexture": true,
          "packAutoAtlas": true,
          "startScene": "aefdab0c-dcb3-4606-b8bd-51edc90fbd84",
          "scenes": [
            {
              "url": "db://assets/bundle/scene/Gameplay.scene",
              "uuid": "aefdab0c-dcb3-4606-b8bd-51edc90fbd84",
              "inBundle": true
            }
          ],
          "outputName": "ios"
        },
        "time": "10-12-2021 15:55",
        "dirty": false
      }
    }
  }
}
