{
  "gizmos-infos": {
    "is2D": false,
    "is3DIcon": false,
    "iconSize": 2,
    "gridVisible": true,
    "gridColor": [
      150,
      150,
      150,
      255
    ],
    "isIconGizmo3D": false,
    "iconGizmoSize": 2,
    "isGridVisible": true
  },
  "camera-infos": {
    "f46876e4-e81b-4931-b493-6d367be385e7": {
      "position": {
        "x": 50,
        "y": 50,
        "z": 50
      },
      "rotation": {
        "x": -0.27984814233312133,
        "y": 0.3647051996310009,
        "z": 0.11591689595929514,
        "w": 0.8804762392171493
      },
      "viewCenter": {
        "x": 0,
        "y": 0,
        "z": 0
      }
    },
    "7c3e7fab-7b1e-4865-ba84-3cf81b48b9fb": {
      "position": {
        "x": 50,
        "y": 50,
        "z": 50
      },
      "rotation": {
        "x": -0.27984814233312133,
        "y": 0.3647051996310009,
        "z": 0.11591689595929514,
        "w": 0.8804762392171493
      },
      "viewCenter": {
        "x": 0,
        "y": 0,
        "z": 0
      }
    },
    "11c7a315-b0fe-40d5-813e-e5908aab1d89": {
      "position": {
        "x": 50,
        "y": 50,
        "z": 50
      },
      "rotation": {
        "x": -0.27984814233312133,
        "y": 0.3647051996310009,
        "z": 0.11591689595929514,
        "w": 0.8804762392171493
      },
      "viewCenter": {
        "x": 0,
        "y": 0,
        "z": 0
      }
    },
    "084ba39d-56c7-4175-834e-e1d7f3935c66": {
      "position": {
        "x": 50,
        "y": 50,
        "z": 50
      },
      "rotation": {
        "x": -0.27984814233312133,
        "y": 0.3647051996310009,
        "z": 0.11591689595929514,
        "w": 0.8804762392171493
      },
      "viewCenter": {
        "x": 0,
        "y": 0,
        "z": 0
      }
    },
    "aefdab0c-dcb3-4606-b8bd-51edc90fbd84": {
      "position": {
        "x": 50,
        "y": 50,
        "z": 50
      },
      "rotation": {
        "x": -0.27984814233312133,
        "y": 0.3647051996310009,
        "z": 0.11591689595929514,
        "w": 0.8804762392171493
      },
      "viewCenter": {
        "x": 0,
        "y": 0,
        "z": 0
      }
    }
  },
  "camera-uuids": [
    "aefdab0c-dcb3-4606-b8bd-51edc90fbd84"
  ],
  "float-window": {
    "position": {
      "cc": {
        "Camera": {
          "dock": false,
          "top": null,
          "bottom": 10,
          "left": null,
          "right": 10
        }
      }
    }
  }
}
